tweet_id,text,weak_intent,suggested_intent,human_intent,reviewed,predicted_intent,correct
2371264,@AppleSupport fishing email https://t.co/68EnW15RpI,apps_services,payments_purchases,payments_purchases,True,apps_services,False
652789,@AppleSupport I already did that. I also did the force restart and the same thing happened,other,payments_purchases,payments_purchases,True,other,False
998993,@AppleSupport - this is driving me (and clearly some other people) crazy... Any advice?! https://t.co/sIVD9FQ4bZ https://t.co/Bp4A5cyQkl,other,other,other,True,other,True
1963164,"I keep getting the ""This accessory may not be supported"" message. What is going on @AppleSupport",hardware_accessories,hardware_accessories,hardware_accessories,True,hardware_accessories,True
2305481,"@AppleSupport Also why does everytime I️ take a Photo it says “Live” and when looking back at it shows a short little movie and isn’t an actual photo, I’ve checked the settings and it shows nothing about any ‘Live’ to ‘Photos’ type of features or options?",keyboard_input,apps_services,apps_services,True,keyboard_input,False
619432,"@266993 @266994 @AppleSupport I wish I had $1 for every twitter user who has posted about their battery issues, I’d be a rich woman",battery_power,battery_power,battery_power,True,battery_power,True
2193378,@AppleSupport Update the software to fix the problem everyone is having with: I️,ios_update,ios_update,ios_update,True,ios_update,True
521348,@AppleSupport Hey my iphone x drops bluetooth connectivity in my car 4-5x per song. My iphone 5s never had a problem. Any help?,connectivity,connectivity,connectivity,True,connectivity,True
1327360,"Having consistent problem with AirPods dropping sound after ~3-5mins of use on laptop. BT still connected, computer still outputting sound -- but AirPods go silent. 

Anyone have this issue? 
Any suggestions @AppleSupport?  
I've reset connection several times.",connectivity,connectivity,connectivity,True,connectivity,True
2710940,@AppleSupport Nice fix. Thanks!,other,other,other,True,other,True
301132,"@AppleSupport @115858 #iMessages became unstable, iMessages just don’t go through in first attempt. And it’s happening frequently after recent update 11.0.2",ios_update,other,other,True,ios_update,False
522968,@AppleSupport why when I lock my phone maps does not continue giving me directions,account_activation,apps_services,apps_services,True,account_activation,False
1468299,"@applesupport I tried celullar data network in iPhone, but can’t solved the problem. My ID is __email__, can you help me?",connectivity,connectivity,connectivity,True,connectivity,True
796536,iOS 11 kills battery do something @115858 @AppleSupport,ios_update,battery_power,battery_power,True,ios_update,False
2746104,Can't sign in to iCloud lost all contacts on my phone. Not can I access my mail. Will not work on phone but works on iPad #icloud @115858 @AppleSupport #sos,account_activation,account_activation,account_activation,True,apps_services,False
1535045,Been trying for 30 minutes and keep gettin this could not activate iPhone error can you guys get it together? @AppleSupport @117735 https://t.co/VLn7QAZgtS,account_activation,account_activation,account_activation,True,account_activation,True
2922718,@AppleSupport why with the update high sierra my macbook pro turn on the keyboard lights (when this start) and ios 11.1.2 turn on the bluethooth (when the device is restarted) 🧐?,ios_update,keyboard_input,keyboard_input,True,ios_update,False
806476,"@AppleSupport I haven’t, I’ve only tried my own Apple headphones.",hardware_accessories,hardware_accessories,hardware_accessories,True,hardware_accessories,True
1149988,@AppleSupport It started yesterday when I was trying to back up my phone &amp; transfer to my new phone. Apple store recommended I go to my provider and,apps_services,apps_services,apps_services,True,apps_services,True
322054,@AppleSupport y’all needa fix ios 11 it’s messing up everyone’s phone. 🙃🙃,ios_update,ios_update,ios_update,True,ios_update,True
1760465,@AppleSupport I have your apple smart battery case... what does AID UPS mean? https://t.co/UovYhXCeOm,battery_power,battery_power,battery_power,True,battery_power,True
1581392,@AppleSupport I’m still getting it,other,other,other,True,other,True
941450,@AppleSupport When I take a video on my iPh6 the audio on playback is just a hiss.,music_media,music_media,music_media,True,music_media,True
1020325,"@AppleSupport Every time I have an app open, it’ll exit out of the app within like 90 seconds",apps_services,apps_services,apps_services,True,apps_services,True
1625434,@AppleSupport @115858 have you solved the high use of battery of #ios11? Tks,ios_update,battery_power,battery_power,True,ios_update,False
1404859,"@AppleSupport 6s battery struggles after iOS11.0.3 upgrade :(
down to 15% from 58% while watching just one episode for 40mins on 3G..",ios_update,battery_power,battery_power,True,ios_update,False
613046,safari isn't playing any sound on my laptop HELP @115858 @AppleSupport,apps_services,apps_services,apps_services,True,apps_services,True
168795,"@AppleSupport I was forced to update my phone system with data usage,why the fuck did you do that ?",ios_update,ios_update,ios_update,True,ios_update,True
1394002,"@AppleSupport my iPhone 6 has been rapidly dropping charge &amp; randomly shutting off 4 months, when I plug in again says it has battery life?",battery_power,battery_power,battery_power,True,battery_power,True
1986856,@AppleSupport please stop my phone from turning the letter I️  into this weird symbol. It’s driving me crazy. Thanks.,keyboard_input,keyboard_input,keyboard_input,True,keyboard_input,True
1122193,@AppleSupport Plz the clear  this solution or if not possible  then change my iphone its up to yu,other,other,other,True,other,True
1218365,"@AppleSupport Hi! Now it appears to me...btw, thank you!",other,other,other,True,other,True
1977272,@AppleSupport after i updated this happened. What can I do ?? https://t.co/yWBbmdnNv1,ios_update,ios_update,ios_update,True,ios_update,True
1455368,"@AppleSupport hello, I’m having issues updating to iOS 11.1 on my iPhone 6 Plus, I already sent you a message 🙂",ios_update,ios_update,ios_update,True,ios_update,True
2052786,@AppleSupport my new music mix which normally refreshes every Friday morning has gone? Help,music_media,music_media,music_media,True,music_media,True
2050839,@AppleSupport How to solve the problem with the phone? Constantly restarts itself. Recovery and flashing not help. Can you help me?,device_performance,device_performance,device_performance,True,device_performance,True
1134084,"@AppleSupport No, all apps are up to date, my phone is really slow, keyboard is driving me nuts, freezes and it is slow, among other things.",keyboard_input,keyboard_input,keyboard_input,True,keyboard_input,True
1707703,Apple needs to fix this emoji bs cause I️ can’t even type i without it being a question mark @115858 @AppleSupport,keyboard_input,keyboard_input,keyboard_input,True,keyboard_input,True
946674,@AppleSupport Using any apps or being on phone. Plug it into charger and goes back to 50% instantly and then drops again quickly after off charger,hardware_accessories,battery_power,battery_power,True,hardware_accessories,False
588194,"@AppleSupport updated to 11.2, have 2 factor auth on, but do not see the swipe in settings&gt;wallet to enable apple cash --- bug???",ios_update,ios_update,ios_update,True,ios_update,True
1582180,@AppleSupport any reason why I still cannot join iPhone Upgrade Program for iPX in UK?! Orders should have opened at 6am today! Not happy!!! https://t.co/k0Xn0H2e8z,ios_update,ios_update,ios_update,True,ios_update,True
2300385,@AppleSupport my iTunes account won’t let me change country due to an useless minimal amount of money left on it- how do I solve this? I moved country and would like use local gift cards as payment.,payments_purchases,payments_purchases,payments_purchases,True,payments_purchases,True
236811,@AppleSupport 😒😑,other,other,other,True,other,True
1565223,@AppleSupport @115858 how many people do you think use your products for work and CAN’T because we look like fucking morons??? FIX THIS SHIT,other,other,other,True,other,True
403553,@AppleSupport please fix the battery draining issue..,battery_power,battery_power,battery_power,True,battery_power,True
2015439,"@AppleSupport Nah fam, I️ spent over too much money on this iPhone 8+ to fix YALL issue. I️ claim a refund ... yoo @138021 I️ need a mobile device",payments_purchases,payments_purchases,payments_purchases,True,payments_purchases,True
994501,@AppleSupport Heck yeah I will the newest version of it,other,other,other,True,other,True
1014374,@AppleSupport help https://t.co/nuRq7PkQOe,other,other,other,True,other,True
2622641,@AppleSupport @740935 When is reputation coming to Apple Music?,music_media,music_media,music_media,True,music_media,True
159588,@AppleSupport Can i️ trade in a perfect contrition iphone 6s at the apple store? if so how much will i️ get,apps_services,apps_services,apps_services,True,apps_services,True
2206972,@AppleSupport Just done this. Please advise re battery? Phone barely lasts half a day currently? Have done all the usual checks Re background apps etc,battery_power,battery_power,battery_power,True,battery_power,True
1429739,"@AppleSupport My iPhone 5c is searching the network but isn't founding, and yes, i've checked my IMEI, and is it there. What is the problem?",connectivity,connectivity,connectivity,True,connectivity,True
2133513,"@AppleSupport Alright, thanks.",other,other,other,True,other,True
356806,@AppleSupport Yes built in keyboard and 11.0.2 - is it capitalising words/names that are in my contacts list? I reckon that’s exactly what is happening. 🤔,keyboard_input,keyboard_input,keyboard_input,True,keyboard_input,True
1000219,@AppleSupport any way to check overall battery health of my iPhone 7?,battery_power,battery_power,battery_power,True,battery_power,True
2054539,This new iPhone update is garbage! My battery life is getting murdered now @AppleSupport @115858,ios_update,battery_power,battery_power,True,ios_update,False
2544486,"@AppleSupport j'ai besoin de votre aide! iPhone volé, j'ai besoin de récupérer mes images sur mon PC depuis iTunes. Sauf que pas possible !",music_media,music_media,music_media,True,music_media,True
795778,@AppleSupport And do you know when this issue will be addressed for people using genuine apple hardware ?,device_performance,device_performance,device_performance,True,device_performance,True
1761290,How am I️ not connected to the internet @115858 @AppleSupport ????? https://t.co/yzr9u21cLJ,connectivity,connectivity,connectivity,True,connectivity,True
1016769,@AppleSupport: do you happen to know why they’re ghosted out? Thanks! #iOS #iphone7 #wondering #help #photos #cameraroll https://t.co/4etUoKvQeO,apps_services,apps_services,apps_services,True,apps_services,True
1836635,"@AppleSupport pls fix the Bluetooth issue on iOS, nothing but interference when listening to music..",connectivity,connectivity,connectivity,True,music_media,False
2948210,What the heck again @AppleSupport ? I still have 28GB of iCloud https://t.co/qqJlj8yqnO,apps_services,apps_services,apps_services,True,apps_services,True
149993,@AppleSupport Hi guys i am running on version 4.0 watch os and iphone os - 11.1.2 so the most current on both,other,other,other,True,other,True
928077,@AppleSupport is there any way to see my activity history prior to getting new iPhone 8? My prior weeks look like this now. Encrypted backup https://t.co/N67uVz5uld,other,other,other,True,other,True
2493851,"@AppleSupport Oh okay, thank you!",other,other,other,True,other,True
1986902,@115858 @AppleSupport since this bulging #battery if I take it in will you replace? #MacBookPro https://t.co/Z6CG2ufJWB,battery_power,battery_power,battery_power,True,battery_power,True
2280272,Is @AppleSupport going to fix this A question mark thing?!,other,other,other,True,other,True
164244,Is @AppleSupport ever going to #fix the ringtone issue? It's a bit frustrating since so many of us have #purchased (from @115858) #ringtones which now can't be used. Looking forward to the fix.,payments_purchases,payments_purchases,payments_purchases,True,payments_purchases,True
582779,@AppleSupport background app refresh off; privacy on photos/mic/camera is on 2 apps (twitter+dropbox) - all are off -,apps_services,apps_services,apps_services,True,apps_services,True
34690,"@AppleSupport @115858 bitch!! Stop changing the letter “I” to that dumb ass shit. I’m sick of it, hoe!!",keyboard_input,keyboard_input,keyboard_input,True,keyboard_input,True
2133600,@AppleSupport Its ios 11.1,ios_update,ios_update,ios_update,True,ios_update,True
2034901,Anyone else getting the ? On their iPhone when pressing the letter I️ like in ISLAND? @AppleSupport what did you guys do??🙈,keyboard_input,keyboard_input,keyboard_input,True,keyboard_input,True
2002392,@115858 @AppleSupport what’s up with the capital “I️”. And my screen freezing with simple commands?? That @122986 pixel 2 lookin real nice.,hardware_accessories,hardware_accessories,hardware_accessories,True,hardware_accessories,True
2422404,Hey @AppleSupport how long until the I️ is fixed. It’s stopped being amusing. #IHateAppleCore https://t.co/SF9q5i0UK7,other,other,other,True,other,True
1958040,@AppleSupport My battery drains so much!,battery_power,battery_power,battery_power,True,battery_power,True
211247,@AppleSupport Just got news that 2 incidents reported that iPhone 8 plus battery burst while charging. Is it true ?,battery_power,battery_power,battery_power,True,battery_power,True
2021338,@115858 @AppleSupport please explain this to me https://t.co/Wx6WJ46SFc,other,other,other,True,other,True
2641019,@AppleSupport I have Apple Music and should be able to play this why is it not allowing me to https://t.co/SU5jyjj50B,music_media,music_media,music_media,True,music_media,True
334118,"@AppleSupport hi there, i have some issue with iMessage on my iPhone.",device_performance,apps_services,apps_services,True,device_performance,False
2039290,Just got my iPhone X it’s already scratched and I’m so careful with it have a case one always and always wash my hands before I use it @AppleSupport plz help I’m so sad that it’s already scratched the day I️ got it it was scratched but others r saying they have the same problem,device_performance,device_performance,device_performance,True,device_performance,True
2678271,@AppleSupport I’m using a 6s plus. With 11.2 beta 3,other,other,other,True,other,True
2021945,@AppleSupport I have 11.1 and the new emojis but I’m seeing black boxes and ? Marks on twitter and Snapchat.Why if I have the latest update?,ios_update,ios_update,ios_update,True,ios_update,True
738533,@AppleSupport Basically everytime I press verify it comes back to this. https://t.co/HUXV7x1AvV,other,other,other,True,other,True
586933,@AppleSupport I reset my Face ID and some apps no longer work. Doesn’t offer me to login with Face ID. How can I fully erase Face ID and restart so ALL apps ask if I want to use it?,account_activation,account_activation,account_activation,True,account_activation,True
2915995,"@AppleSupport It says my payment method has been declined, but when I try change it, it says it won't work.",payments_purchases,payments_purchases,payments_purchases,True,payments_purchases,True
1151823,Hello @AppleSupport take a look at this email please. https://t.co/LfFDDdfEKA,apps_services,apps_services,apps_services,True,apps_services,True
2759077,@AppleSupport Even to the bottom right corner when I have no other apps on the screen...,hardware_accessories,hardware_accessories,hardware_accessories,True,hardware_accessories,True
2806689,@AppleSupport It keeps popping up every few minutes,other,other,other,True,other,True
2506053,"I wonder how long after my credit card is charged and my phone is preparing for shipment, it will actually ship?? @115858 ? @AppleSupport ? #soantsy #notgoodatwaiting #iPhoneX",payments_purchases,payments_purchases,payments_purchases,True,payments_purchases,True
1877398,@AppleSupport re:iOS 11.03 update. U have single-handedly ruined my fabulous Friday. Stop updates that make things worse,ios_update,ios_update,ios_update,True,ios_update,True
949694,@AppleSupport why can’t I hear anybody when I make a call? They can’t hear me either. But yet it will work whilst I’m on WhatsApp 😤,other,other,other,True,other,True
242495,"@AppleSupport My iPhone is unresponsive when Im using apps like Instagram, Snapchat, podcast even playing music, the pause and play button isn’t shown.",music_media,music_media,music_media,True,music_media,True
1370250,@AppleSupport the problem is actually in the calendar. when i make appointments for work it lags on every input. sometimes it lags as long as 5-6 minutes.,device_performance,device_performance,device_performance,True,device_performance,True
403597,@AppleSupport An iPhone SE. OS 11.0.2.,other,other,other,True,other,True
2890698,"@AppleSupport ""When you say that your iPhone reset, did it restart on it's own?"" - Its, not it's. @110924 #cm3312017",other,other,other,True,other,True
1095901,@AppleSupport tried different apple cables and always charged via usb through my laptop,payments_purchases,payments_purchases,payments_purchases,True,payments_purchases,True
1407358,@AppleSupport Unfortunately not. I swipe across to widget display and it collapses. Swipe again and it reopens. Next swipe it collapses again... and so on,hardware_accessories,hardware_accessories,hardware_accessories,True,hardware_accessories,True
1358123,"@AppleSupport I resv'd iphonex for Nov 3, got res # pending carrier approval called @115725 who said all should be good. Am i getting it?",other,other,other,True,other,True
851233,@115858 @AppleSupport The iPhone 8 plus front camera is so mediocre. Try taking a selfie in Times Square and all billboards come across white. Its a below par camera!Have noticed even rear camera is bad for bright neon lights.,other,other,other,True,other,True
172981,"@AppleSupport hey! I get a message on #macOS when I connect my #iPhoneX to #MacBookPro (15"", 2017) using USB-C to #Lightning cable - it says it draws too much power??!! Should I be concerned??",battery_power,battery_power,battery_power,True,battery_power,True
2122511,@AppleSupport Oh I just restarted my phone and everything went back to normal,other,other,other,True,other,True
433128,@AppleSupport They sit with a grated out circle. When I tap it the cloud appears and goes into a circle again. Sometimes downloads sometimes not.,other,other,other,True,other,True
1436710,@AppleSupport Nope and I don't have iTunes and no no one has one I can log on from,music_media,music_media,music_media,True,music_media,True
1125437,"@AppleSupport I use it on a Mac and iPhone, which I’ve always done. Music shows on Mac but not iPhone.",music_media,music_media,music_media,True,music_media,True
305305,"@AppleSupport hi, yes, I’ve done a hard restart to no avail. Same issue occurs.",device_performance,device_performance,device_performance,True,device_performance,True
1329275,@AppleSupport why does an app I am not redistributing expire every 7 days? Makes no sense to pay 99$ for a native apple tv app.,music_media,music_media,music_media,True,music_media,True
407067,@AppleSupport iPhone 7 Plus,other,other,other,True,other,True
1379664,@AppleSupport ios 11.0.3 and yes,ios_update,ios_update,ios_update,True,ios_update,True
2028141,@AppleSupport I’m having the question mark in a box problem.  I have newest iPhone before the X and i tried this and now my I’s are https://t.co/j1cQKSC5Vi,device_performance,device_performance,device_performance,True,device_performance,True
1770778,@AppleSupport @115858 why do my music and alarm apps keep crashing #ios11fail #abugslife,music_media,music_media,music_media,True,music_media,True
2064064,@AppleSupport why since I’ve gotten my iPhone 8plus my wifi continues to drop every device is fine just this one I’ve done everything to fix,connectivity,connectivity,connectivity,True,connectivity,True
2374401,Why does my #imessage show up as inactive on my #MacBookPro when I am logged into everything properly?? Is there an easy fix?? @AppleSupport,other,apps_services,apps_services,True,other,False
1666284,@AppleSupport This is a purchased song,payments_purchases,payments_purchases,payments_purchases,True,payments_purchases,True
2549086,"@AppleSupport @123765 I get that some processes still have to run in the background, but I think that 25 mins is too much for an app that needs screen to do stuff",hardware_accessories,hardware_accessories,hardware_accessories,True,hardware_accessories,True
448412,"@AppleSupport A quick thank you for trying but a complete wipe and restore was needed. And despite all the massaging just to get CS5.1 to work, the OS still doesn't like it. Time for a new computer and an update @116233. #expensivetouch",ios_update,ios_update,ios_update,True,ios_update,True
43323,@AppleSupport is it possible to get a 2011 MacBook Pro battery serviced in store?,battery_power,battery_power,battery_power,True,apps_services,False
1388857,@115858 @AppleSupport your latest update is killing my battery life... https://t.co/u0qH2bzOGR,ios_update,battery_power,battery_power,True,ios_update,False
1714811,@AppleSupport Thank you!!,other,other,other,True,other,True
867491,@AppleSupport I restarted my phone and it sat on the Apple screen for 8 minutes. No drop damage. No water damage no clue,hardware_accessories,hardware_accessories,hardware_accessories,True,hardware_accessories,True
2301459,@AppleSupport seeing*,other,other,other,True,other,True
1821392,@AppleSupport @546812 It goes down in the DM,other,other,other,True,other,True
1142119,@AppleSupport Please fix this issue https://t.co/cpzPYBL1vK,device_performance,device_performance,device_performance,True,device_performance,True
1948374,@AppleSupport This is happening for last 7-10 days.. Using charger that came with the device..,hardware_accessories,battery_power,battery_power,True,hardware_accessories,False
1028434,"@AppleSupport No, the third screen shot attached is actually the first taken. You can try the same steps on iPhone 6.",hardware_accessories,hardware_accessories,hardware_accessories,True,hardware_accessories,True
2896154,@AppleSupport Yes. Nothin happens. Just the blinking folder,other,other,other,True,other,True
1537702,@AppleSupport Thanks! Running 11.0.3,other,other,other,True,other,True
397476,"@AppleSupport I need to cancel a subscription but when I tap my Apple ID, this happens! Can you help? https://t.co/MsBiiOaPlJ",account_activation,account_activation,account_activation,True,account_activation,True
458431,@AppleSupport Yes. I'm pretty tech savvy and am even logged into itunes and still not going thru. Just spend 40 minutes on the phone w/ Capital One and they confirm all is good with my account.,music_media,account_activation,account_activation,True,music_media,False
2121633,@AppleSupport @625080 The @129941 app seems to be causing iOS system crashes.,apps_services,apps_services,apps_services,True,apps_services,True
2978789,@AppleSupport wanted to share this screenshot with you from my iPhone X. I noticed that the time and other icons were shifted over and not lining up correctly. https://t.co/27jMZ9DM2z,other,other,other,True,other,True
430147,@AppleSupport Its just in the 'watch face'. No other apps are affected.  It happened with the switch to Watch OS4. Ive tried turning wifi on/off/resetting,connectivity,connectivity,connectivity,True,connectivity,True
2438554,"@AppleSupport At least once, occasionally twice.",other,other,other,True,other,True
2121676,"@AppleSupport All I have selected is the iCloud contacts the rest of are email groups I did have it linked with my outlook but have given up with that as they never worked very well together, losing email groups so all I’m using is iCloud now just a pain putting all back in",apps_services,apps_services,apps_services,True,apps_services,True
1434352,"@AppleSupport It’s ok, managed to rescue the timeline by adding 2nd screen. Definitely bugs galore on FCP X 10.3.4 on High Sierra!! Fix em pls!",hardware_accessories,hardware_accessories,hardware_accessories,True,hardware_accessories,True
1531055,@AppleSupport It didn’t help. My screenshots appear white. My photo library is filled with white spaces that are meant to be screenshots.,other,other,other,True,other,True
1644606,.@AppleSupport...please help. I️ cannot take my “I️” being changed every time I️ type it. HELPPPPPP,keyboard_input,keyboard_input,keyboard_input,True,keyboard_input,True
269510,@AppleSupport 11.0.1,other,other,other,True,other,True
2570933,"@AppleSupport your cust service unhelpful. You cancelled my iPhone X order and blame PayPal, PayPal blame Apple I stuck in middle :(",device_performance,device_performance,device_performance,True,device_performance,True
1705343,My phone worked perfectly fine til i updated it now its glitching out &amp; doing that weird thing with the letter I️ (i) @AppleSupport help out,ios_update,keyboard_input,keyboard_input,True,ios_update,False
246316,@AppleSupport You have an issue with WhatsApp “type a message” box experiences in iPhone 7. It goes only after switching the mobile,keyboard_input,keyboard_input,keyboard_input,True,keyboard_input,True
2557418,"@AppleSupport yeah i know, it asks for a user and a passwort, like a remote login or something, but why did it appear all of a sudden?
because i used ssh once? :D",account_activation,account_activation,account_activation,True,account_activation,True
2278447,@AppleSupport I can’t use my yahoo email all of the sudden on 2 devises. It says “user name or password are incorrect” I have multiple accounts on different phones. I receive but can’t send. Have deleted and reloaded,account_activation,account_activation,account_activation,True,account_activation,True
2676867,"@AppleSupport hi, I don't own any apple id nor I have applied for one. Still I am getting this mails(5 till nw) which I believe spam,pls hlp",account_activation,account_activation,account_activation,True,account_activation,True
749784,@AppleSupport IPhone 7 Plus And iOS 11.0.3,ios_update,ios_update,ios_update,True,ios_update,True
2291590,@AppleSupport It says update requested but the update is about iPhone x screen touching,ios_update,hardware_accessories,hardware_accessories,True,ios_update,False
1690473,@513209 @AppleSupport I agree. What a joke,other,other,other,True,other,True
2111423,@ATT @115858 @AppleSupport hey i would LOVE to know why my iPhone 8 of less than a month already turned off and won't turn back on!!!!!!!!!!,other,other,other,True,other,True
2020123,look here @AppleSupport ....you can make my phone slow and all that with these updates... but i️ want my i’s back! you takin it to far!,device_performance,device_performance,device_performance,True,device_performance,True
853916,"@AppleSupport Tengo un Macbook Pro retina de mediados del 2014 al que le ha salido esto en la pantalla, parece un defecto de fábrica https://t.co/amRfvlaEBg",apps_services,apps_services,apps_services,True,apps_services,True
2774335,"@AppleSupport You know. I get it. My MacBook Pro is almost 8 years old. But if the older Macs are having such issues with this OS, then force obsolete us.",apps_services,apps_services,apps_services,True,apps_services,True
689308,"@AppleSupport I got a weird issue, on iPhone 7 I'm getting heating problem but today I got issues with camera flash, in control panel brightness indicator is saying full brightness but the screen light is very dim...unable to connect support as well. https://t.co/529CJU5SxU",connectivity,connectivity,connectivity,True,connectivity,True
1407867,@AppleSupport it has been 2 hours but nothing happening. I’m unable to login. And I’ve restored os using command+R &gt;restore Mac(High Sierra) https://t.co/hTaXXy7ugP,account_activation,account_activation,account_activation,True,account_activation,True
2903737,@AppleSupport Its not an app! Its the camera roll,apps_services,apps_services,apps_services,True,apps_services,True
300623,"@187675 @AppleSupport Yes, I see. First time ever that I find Apple really dissapointing. Sad.",other,other,other,True,other,True
1599714,This isn’t what I️ tweeted so what the fuck is going on ? @123765 @TwitterSupport @AppleSupport @115858 https://t.co/sKVTMtWjvX,other,other,other,True,other,True
2118385,@AppleSupport @624313 I am also getting the same error after recent beta upgrade!!! https://t.co/6YQqNieRIq,ios_update,ios_update,ios_update,True,ios_update,True
2779378,"@AppleSupport Me/wife/2 kids, iPhone 7: wifi/bt are off then frequently come back ON again on their own. Most often when coming out of airplane mode but see it when I wake up in AM both are suddenly on...maybe triggered by the Do Not Disturb function. 

I have not seen it turn OFF on its own.",connectivity,connectivity,connectivity,True,connectivity,True
1976565,I️ need to understand why my letter “I️” keeps turning into “! And a box with a question mark” @AppleSupport 🤷🏾‍♀️.,keyboard_input,keyboard_input,keyboard_input,True,keyboard_input,True
446521,"@AppleSupport literally had these for 1 month and already one of the ears broke, just out of no where... replacement? https://t.co/7wFrBepTQA",other,other,other,True,other,True
2007702,"@AppleSupport  fix whatever y’all doing with these updates . My phone always glitches when I update it . 
Im about to get an Android",ios_update,ios_update,ios_update,True,ios_update,True
1598110,@AppleSupport why won’t this thing connect?! Trying all day. Tweeting from phone connected to said network.  #iPhoneX #iphoneXlaunch https://t.co/0hP7j4boO2,connectivity,connectivity,connectivity,True,connectivity,True
1543327,@AppleSupport why is cant I️ type the letter “I️” without I️t being replaced to a # and a question mark box https://t.co/cHnRFoNZuF,keyboard_input,keyboard_input,keyboard_input,True,keyboard_input,True
2375289,"@applesupport Hi there - iphone 5 just stopped connecting to imessage. Turned off/on, rebooted, reset network settings - you name it - I tried it. Activation error. Don't get any messages from people with an iphone (it's not recognizing to switch to SMS). Any ideas? Thanks.",connectivity,account_activation,account_activation,True,connectivity,False
394071,@AppleSupport my IDapple is not working. I put the password and it say it’s wrong,account_activation,account_activation,account_activation,True,account_activation,True
639767,"#iOS11 is so full of bugs... unbelievable. In addition to all the freezes, delays, unresponsiveness and faulty transitions, one of the worst I'm encountering is also the hotspot turning itself on at random times. #Apple @AppleSupport",ios_update,ios_update,ios_update,True,ios_update,True
1300708,"Y’all need to fix this iOS update, @AppleSupport. I’m getting real sick and tired of turning my WiFi off multiple times a day.",ios_update,connectivity,connectivity,True,ios_update,False
437020,@AppleSupport my IMessage Not working,device_performance,apps_services,apps_services,True,device_performance,False
2152915,@AppleSupport 11.0.3.... 11.1 is downloading now. Dont understand why i didnt get a software update notification. I hope the fixes it.,ios_update,ios_update,ios_update,True,ios_update,True
1785232,"@AppleSupport Ordered at 3 am &amp; got a reservation #.  Email arrived, went to purchase but Apple will not honor it be/ I have a PO Box. 😠",payments_purchases,payments_purchases,payments_purchases,True,payments_purchases,True
853171,@AppleSupport my iPhone 6 keeps freezing every 10 minutes since iOS 11 please do something https://t.co/LS2PRJ0Yqt,ios_update,ios_update,ios_update,True,ios_update,True
1249461,Holy FK @115858 @AppleSupport I can’t even make or receive phone calls since the last iOS update!!! Thanks for the $800 brick!,ios_update,ios_update,ios_update,True,ios_update,True
1111402,.@699 Why do ALL the games show this message on @117406 App on @115858 TV @AppleSupport? #NBALeaguePass #AppleTV #WTF #NBAAPP #NBATV #JANKY https://t.co/rR0SXzGISd,apps_services,apps_services,apps_services,True,apps_services,True
2002944,@592266 @AppleSupport Or Jog on what ever fits 🤔,other,other,other,True,other,True
484589,"@AppleSupport screwed up with iOS11, so many problems happening with my 6s!!! Really board with problems....",ios_update,ios_update,ios_update,True,ios_update,True
1181852,@AppleSupport Mpow Magneto headphones,hardware_accessories,hardware_accessories,hardware_accessories,True,hardware_accessories,True
1287051,hey @AppleSupport i just purchased the apple music family plan and ever since i get this error.. i’ve already been billed. what’s up? https://t.co/Wy9a1ChkKN,payments_purchases,payments_purchases,payments_purchases,True,payments_purchases,True
1571677,@AppleSupport The autocorrect glitch for the letter I,keyboard_input,keyboard_input,keyboard_input,True,keyboard_input,True
707427,@AppleSupport Well appreciated 🙏🏽,other,other,other,True,other,True
1158020,"My iPhone 6 screen is bulging, any suggestions? Is it safe to use until I can repair/replace? Trying to hold out for the X @AppleSupport 🆘📱",hardware_accessories,hardware_accessories,hardware_accessories,True,hardware_accessories,True
2472935,@AppleSupport when I try to remove my credit card off my iTunes account it doesn't let me save the changes it says an unknown error has occurred; I would like to remove my credit card please!,payments_purchases,payments_purchases,payments_purchases,True,payments_purchases,True
1162071,I️ hero’s changing in my phone to some symbol what do I️ do? @AppleSupport,other,other,other,True,other,True
2834181,I thought iOS 11.1.1 was supposed to fix the “I” bug? @AppleSupport @115858 https://t.co/ujIaFsF5Kl,ios_update,ios_update,ios_update,True,ios_update,True
382541,@AppleSupport iOS and TVOS   I switch between my iPhone and my AppleTV (4th Gen). There are a bunch of songs. The personal station only seems to have a about 30 songs and I disliked many of them. Shouldn’t it reflect the music I listen to and like?,music_media,music_media,music_media,True,music_media,True
1576413,@AppleSupport ya need to fix this I️ thing ASAP and by I️ meant “eye” since u prob can’t see the letter,keyboard_input,keyboard_input,keyboard_input,True,keyboard_input,True
874920,@AppleSupport why won't iTunes shuffle anymore? It's says ask Siri to do it. Why did you screw up iTunes? I only buy iPhone for tunes. Fix?,music_media,music_media,music_media,True,music_media,True
588070,@AppleSupport Many times actually. Repair installs and even clean installs. I first noticed the problem in one of pre-release public betas and the problem has persisted ever since.,device_performance,device_performance,device_performance,True,device_performance,True
2545576,@AppleSupport my phone is messing up like it’s brand new. What is the issue here?!,device_performance,device_performance,device_performance,True,device_performance,True
963474,@AppleSupport is there anyway to check my iPhone 7 battery health?,battery_power,battery_power,battery_power,True,battery_power,True
2476049,"@115858 @AppleSupport 
Can you PLEASE fix your https://t.co/NS4FWg1qzk
They say a picture is worth a 1000 words. I am giving you two!

#Umah is my app and not sure if it's ""in review"", ""ready for sale"" or really, really is ""in review!"" 
https://t.co/YWY9rsLnz0 https://t.co/qyjNnsHT4L",apps_services,apps_services,apps_services,True,apps_services,True
1969314,"@AppleSupport iPhone 7 and iOS 11.0.3, the screen freezes a lot and I have to restart it but then it happens the next day or two",ios_update,hardware_accessories,hardware_accessories,True,ios_update,False
894334,"@AppleSupport It happens late charging, yesterday it appeared until 96%. Not damaged at all, I have restarted since I bought my iPhone 8plus, a month ago.",battery_power,battery_power,battery_power,True,battery_power,True
910437,"@AppleSupport I just closed down iTunes, restarted and tried downloading through 'Purchased' - seems to have worked. Thanks very much for your help anyway",payments_purchases,payments_purchases,payments_purchases,True,payments_purchases,True
445967,@AppleSupport What is the ‘acceptable’ temperature for a iPhone 7 🧐🤔,other,other,other,True,other,True
1147076,"@AppleSupport In order to log in, I need to answer security questions - which I have forgotten. I cannot reset the answers to the questions",account_activation,account_activation,account_activation,True,account_activation,True
1365590,"@AppleSupport WTF ; iphone really sucks.. trying to show how to dispose, disgusting; first fix #error56 #iphone dead updating #ios 11",ios_update,ios_update,ios_update,True,ios_update,True
2850845,"@AppleSupport trying to use #ApplePay on @4086 for an order however I get an error on my shipping address, but doesn’t tell me what is actually wrong or how to correct the error.",device_performance,device_performance,device_performance,True,device_performance,True
2680930,@AppleSupport done!,other,other,other,True,other,True
937451,@AppleSupport Also having apps crash—including iMessage,apps_services,apps_services,apps_services,True,apps_services,True
993353,@AppleSupport everytime I try and log in https://t.co/CR8R9PUmpF,account_activation,account_activation,account_activation,True,account_activation,True
2111313,I guess I’m having the same error 3014 problem everyone else is having. @AppleSupport,device_performance,device_performance,device_performance,True,device_performance,True
